Electrical_Load,Renewable_generation,Heat_load
11.3413662421259,0,0
10.3559883452408,0,0
9.92451536298587,0,0
8.30923199877158,0,0
8.79197781066672,0,0
8.50293347213839,0,0
8.17570987284559,0,0
8.98987693185541,0,0
9.59581778431152,0,0
10.2550944714686,0,0
10.0940970202586,0.14291455011155,0
9.60954778728226,0.321270418439577,0
9.9549381312404,0.449707753951188,2.13920904265332
8.8700340057864,0.536783662596173,4.99606082973597
7.88689154522365,6.2474584839714,6.99793308722339
7.20389667952562,13.6949060792145,9.72803388239822
7.76605961403113,19.6747324309291,12.6517136507073
9.23772364064602,26.42799205723,13.7006118612054
10.2592825322604,32.617196995821,15.8643034516357
10.9357679468081,33.6654839480217,18.4360341481873
11.2910117781068,38.4433598811498,21.0139188736265
11.1125908530879,41.4087862137438,26.1921301234948
11.2349179085152,46.5630733073659,25.7267673877978
11.1263154259342,53.5031456672358,28.1770850096889
11.1018397673338,64.0998933336787,24.9786540750512
8.66831562259424,72.4497833634807,19.443297052096
8.30628642682949,73.0520710985721,13.8017665005499
7.47539145023857,74.9612622024213,9.01226047590523
7.4547698520896,89.7527366158047,7.31079164247016
7.66078428815974,82.9835420142871,4.48954069436568
7.39862248518841,93.7435731604808,2.45578336337943
7.3325202260366,94.3966584409235,0
8.12002507757921,102.032193244731,1.63528188613244
9.22797222699773,109.249681862611,3.05351854393501
9.63717183169378,123.44827023993,4.89972317387503
9.6316012704291,121.949560448756,6.2584649900179
8.78224394915664,117.28942135614,6.98240720476209
9.83351420212927,123.105786370668,6.710112691622
10.6174487278355,116.01281958129,7.33428636825457
10.003729914414,126.173394299557,7.81899342396903
11.4225706028623,130.581415116262,5.76484201288419
11.7853430624375,127.060047408601,3.44913500417444
11.2335355554982,130.114825190676,1.79966862788458
12.7683318595256,137.695449525188,0
13.1727382822211,123.997233176531,4.44708354104831
12.3629068841097,141.517521087375,7.86493754117331
12.8554275456793,144.772375755244,13.7477390776055
11.9228191778523,127.341129473495,20.1949886890594
12.5702537287164,131.869281983504,13.9777467551317
12.6403130651876,128.89374957154,10.9476550339945
10.7982152339557,125.575237246595,6.06980352454009
11.2094710390814,117.625452209287,1.71903536411806
11.8384533374596,119.59920842672,4.09881420430829
11.9645907132177,124.046712877408,5.8172004152016
12.3422706827305,120.623768622059,8.40890102654282
12.4811160055676,107.128680304726,10.6902494262178
13.2559622668423,109.27118061111,22.2514426929791
13.2587367164101,107.563821865869,33.4924589579921
14.3945433869949,106.173549444088,44.7439127787874
13.3861792338764,96.55926927924,50.5703177731341
14.9639420377206,79.8257469180805,65.3520231218557
20.4201589966059,80.8606587174191,70.3162336076126
19.8817439843976,74.6096136776887,80.7749620391649
22.2910923313958,69.546320763986,84.477388601405
21.6904058014786,63.3861342369629,60.3965389322311
20.4519924626968,61.5941239389002,45.9360864533749
22.8423302910237,52.4622287112349,23.9299815426914
21.6004079197333,50.3417100031308,1.34416839355812e-08
21.0796445531813,40.3803620490437,2.02225393928277
23.2235796458319,32.7849712276331,3.90593176901254
24.3535608544913,28.8723207780006,6.0083987044716
23.2615233140262,21.6547921961414,8.07013653315708
24.9063446984749,16.4459604958407,7.66049122390523
22.3245805621525,11.3721191910335,8.65382203609288
21.6713549725405,8.01732565859974,8.69065494281108
19.3843059791691,5.60125052436979,8.87070109790096
20.003139644324,2.72407970522959,8.43571104636653
18.0543467438891,0,9.44690220353938
20.9826620757649,0,9.40391345347897
17.5891081553149,0,9.38526360771143
17.3138768407179,0,10.8336199954758
18.0087817172139,0,12.2629843733609
16.2843721360367,0,12.3415743535403
16.2350076454073,0,13.4837350556936
15.864565556377,0,11.2125909588632
14.814327425814,0,10.5164091785556
13.5352344107543,0,8.74560392726336
12.7140828749038,0,6.91855638136387
12.5459144657927,0,17.1185087762639
12.3264561850161,0,26.0006615952516
12.0601350743509,0,37.3127995544141
11.9271117589377,0,47.2876441880609
11.8787697395176,0,36.6453254677483
11.99329979143,0,22.4928761104896
11.8082511328063,0,10.7811888553711
11.5616355885161,0,0
11.1166002709288,0,0
9.78412891735846,0,0
9.74578978719031,0,0
8.13484103442904,0,0
8.96581770460324,0,0
8.28812490937269,0,0
8.96034884681965,0,0
9.2275809118198,0,0
8.96911084225222,0,0
9.95823737638259,0,0
10.1070651125784,0.150670590595186,0
11.138732399902,0.288892847887715,0
9.19933180429157,0.439364789782789,2.30672667112329
8.0243615877809,0.584540478598023,4.9372710622065
8.19639730205531,7.3053292872246,7.26285492895598
7.48490143866463,12.1142231553665,9.50890151888892
8.56182376093471,18.4989319897995,12.6408504581424
9.3315773357002,26.7158784493722,13.5492371915184
10.4304879358163,30.9847494849938,16.6613061621251
11.0724515980027,35.6744138358127,18.437028344518
11.0246838630959,36.7008962536683,22.1461265660354
11.3851501502329,43.4691783322819,22.9438422687597
12.1455413763838,45.7592518804708,27.7476166863846
10.8702366914177,55.2317867228064,30.9785456255465
9.76805112940797,66.6148099322779,24.7870322056194
8.95927262178654,69.7992334270859,19.7918960086889
8.67641069463552,71.659378932768,13.9473571004211
7.41574870615421,80.4908260755652,9.39229761650868
6.81882355363566,85.3728956443627,7.01922000988706
7.06887917881072,88.8684236218283,3.79674703638145
8.36119063787609,103.313790718399,2.24419575661699
8.57704641782648,103.04152253396,0
7.69498368938809,97.4601648880024,1.4815011770438
9.66678691214808,118.934396080343,2.88122232883316
9.60121414242306,110.080777976412,4.52067435950813
10.1002879828458,115.762883872232,6.65588294760516
9.35500212276029,119.033986633243,6.73287764928384
9.94668835754835,114.258170699956,6.93663370738295
9.26606698429602,131.354773192302,7.59720259424371
10.0927517828108,139.556752073672,7.62754637191671
10.8699687159359,125.317458822935,5.4777803434771
11.4166228722175,140.017082896173,3.50130444202581
13.1166370057303,135.806564779141,1.96694056851075
12.5482858597782,129.073722112365,0
12.1540608372688,137.551793740694,4.68358098289479
12.6748014231854,123.208079285479,9.86671831397186
12.111964001515,130.03123170963,14.0115354152057
12.6755184655645,129.437905029427,20.2997588379587
12.3911813170671,121.498765228126,15.9199703320518
12.1156756587112,129.431541674707,10.3709153757459
11.9424257645504,125.042031782722,5.52341502640809
10.7003878571118,117.397626589191,1.78721957304119
10.9598771999392,118.521368369757,4.07185041852493
12.1616410195973,113.559986154959,6.61446394158613
13.0379672647849,119.916744952996,8.13864006717305
12.6346958886986,118.500610822458,11.3755237405339
13.1889073117968,112.623528519355,21.1992819404081
15.0612121125874,110.893497196623,35.882287764109
13.1562461437453,105.252716325216,45.6060441682763
14.8642495788336,89.2669238323731,51.3787073828448
15.8876648024025,83.953873957213,57.8208226753174
17.9085814448043,81.5458817760742,72.0962944195134
20.9595945999384,88.3663097265514,76.0951684867127
22.5371883891738,75.432175016409,85.1528966979481
22.7757170352007,66.4979058133092,65.1561945733867
21.3230020457846,63.4512207527161,40.3028882214322
20.0513504155858,52.4019795907378,21.8244562073961
20.0143538459503,44.9871376736081,1.37575301596501e-08
21.144155688113,38.9664303371887,1.99958197137163
22.9676724610745,33.865838424433,3.72949028524632
22.4857353779977,28.740911551833,6.27073062621166
24.616194345646,21.9503314186799,8.30060226885885
24.7132532736266,16.7327307452105,8.676747994367
20.3756735957395,11.5944821459197,9.20460111405387
20.0943981653858,8.40165798030871,8.8637829539613
18.7179049860412,5.38677822982615,8.38532647604317
18.2088428817614,2.78357439648824,9.32166144656527
18.8988167600904,0,10.2565025253547
18.977935550161,0,10.5178817846888
21.4560070417311,0,9.83611562237854
18.5274272447943,0,11.1916162824493
18.1120547707534,0,11.6587053524472
17.0252398921831,0,11.9402701525121
16.5395319291663,0,14.0965629853162
16.265572001309,0,11.994974873176
13.3701866127424,0,9.82323846452336
13.4895824777743,0,8.4717371600802
12.588742515377,0,7.05526843629924
11.6856854155303,0,15.9401367070441
12.1137944653457,0,29.3797514093181
11.7974618308567,0,34.3968006679469
12.2625767276367,0,44.1869215064552
11.2587772724732,0,36.7092087967255
11.3302234998621,0,21.9567695290354
12.9994780361902,0,10.2329376549514
11.282369947324,0,0
11.7550450095091,0,0
9.92862932539807,0,0
9.01535921055698,0,0
8.85754041920563,0,0
8.3061734045368,0,0
8.77136079360039,0,0
9.09308597484244,0,0
9.23802959919107,0,0
9.728666097813,0,0
9.73948209130818,0,0
9.61417728147721,0.141662062340597,0
10.9645809797112,0.2978456976695,0
9.06971695839935,0.437939603047519,2.37322474684424
8.5753661983661,0.586571284255914,4.73854705944812
7.79063994453553,6.15509890292145,7.10715966599818
8.27086150647553,12.6954006724003,10.7357533124573
8.27650915039065,20.1109216711719,11.39403761352
8.67718232517999,26.89134027105,15.0361567475649
10.248553937898,30.4254175368092,16.1676299696025
10.7666219264624,37.0708773838747,19.3275781203249
10.9146331487268,37.5037603677153,23.7475804597486
11.0152964049494,44.3025118172538,23.8805875040189
11.4143919232399,50.7159760390748,27.7584695036964
11.1352942529112,55.1497800984503,27.8060830825017
10.3424641241161,56.5584081251288,27.0422527192621
9.24927151934721,67.7579011782296,21.4741850871209
8.1613340156757,73.8904057941069,12.9898307463176
7.05202908840888,82.179468092722,9.28633924414566
7.41386532476545,87.4135805335938,7.19619342660428
7.67267244681208,98.9470134921504,4.82839804181881
7.76326055911046,106.262657802641,2.33626989754869
7.42718743575938,88.9967958293482,0
8.32714750642673,100.810884079372,1.54841510003776
8.34452767545065,107.691074449435,2.90068117598011
9.32243315835945,110.86484895254,4.62535361573401
10.0768592496126,113.692541438797,6.29505558236668
9.07106553137924,124.269989231998,6.33672005638707
10.0377346910258,137.551779938763,6.78545712745235
8.9103587405849,127.954654566642,7.08192362441991
8.93737044821389,126.730985781668,7.31389691083528
9.76756059168307,124.564800616557,5.77422512662391
11.5437238514568,140.166483168076,3.45917930364304
12.5363862929719,128.180284499788,1.73199637177025
13.3122883036665,128.960609827486,0
12.3730488627757,130.647334109126,4.80788510834188
12.7164056880708,135.347014432614,9.03039798313644
13.1186754642119,126.686332134653,14.0469827413135
13.4935809569566,117.147908739968,20.4201726473881
12.612381153882,135.90814556562,13.9950511658859
11.8029401795318,114.005825863159,10.1130858322979
11.0526655440909,124.241438013675,5.73059168070811
9.9540660429727,125.202538764183,1.62493992395483
11.765833928597,111.257640586701,4.10478334103331
10.992900989064,125.512971009035,7.07055880910498
12.3073996215495,116.336954023274,8.84697698765186
13.2536752181086,103.558838605286,10.5443995133713
14.47958902504,116.909443517565,21.6337579194824
13.5635947738078,102.081640632229,32.993628364418
13.7389392726485,99.3503157013458,43.8852565522008
15.0038144955448,95.1145588191954,51.1836940630487
16.1826862251319,98.0127538868323,59.1034678679541
19.0343710342171,85.0946031595747,68.8127565091321
19.867538207117,78.72010821169,77.7135831314961
24.0602880573171,64.4399116097761,80.7973730928411
22.4428701352389,65.0342672560895,66.8330210551291
21.5528330057031,58.9538615439741,39.4481886049228
22.6597625070393,54.8040592674383,21.4704404240928
20.986719952395,42.086899264444,1.38754568126855e-08
22.4534453503662,39.5542911165126,2.23672073637129
23.4118535779808,33.7795422731823,4.01341114944617
23.146640980473,26.1201713332129,6.15590365396932
24.9571281446545,21.5568804259252,7.84170344576936
22.4365125106618,16.6702654796875,7.91629461552286
20.7898898777634,11.8969560640512,8.24027705999632
21.5598781084175,7.65436732038356,9.09959711374591
17.576372267386,6.24619307120373,8.74743606157763
20.032287993282,2.57004543754368,9.03463696189848
19.9923626868049,0,10.0691235163662
19.961622356665,0,9.84666027200517
19.4469564566584,0,9.50285446493058
19.4524428868233,0,9.94678937381889
17.867532018549,0,11.1696428087549
17.4142907022033,0,12.9234639116196
16.0986628526028,0,13.2356134514864
15.0730863195048,0,12.7339843788184
13.934525783852,0,9.795077191557
13.0956331862249,0,8.79801428100707
12.5010088249121,0,6.99995414882359
12.2553513014546,0,17.0349419649786
12.2098578981657,0,26.7869043849512
12.3346716125912,0,39.5034560792463
11.1557946670264,0,40.136042104901
11.5871968053002,0,31.8530093739022
11.8041817618822,0,21.97429858883
10.8358476536605,0,11.11644254833
11.6085254696083,0,0
11.0013078714467,0,0
9.14759074161431,0,0
8.63706668397984,0,0
9.0106706293857,0,0
8.32127100047873,0,0
9.62121234897875,0,0
8.05256185680755,0,0
9.94019370934125,0,0
9.0463965967915,0,0
9.95614192374712,0,0
9.73869208519308,0.155241066765126,0
9.8135160291468,0.277234819061912,0
10.2153524717603,0.463357026932607,2.03235425459285
8.70829595214268,0.601957081549016,4.9919498982018
7.86073922516884,6.705231037512,6.72328461095161
7.44928410328228,13.2506499661127,8.78943875655588
8.33435296543675,19.6911034895009,11.7247285469546
8.18958732489124,25.6314126900976,13.0712680427508
9.1576470651003,29.0106374115463,15.4966409458359
11.4928713641387,34.5311833310923,18.732306866481
11.0355447007199,39.5299610629372,21.2157377915582
11.784686883658,46.8362951775038,21.8402830146585
10.79250263978,47.6236529225656,28.8680878755701
11.9620040488656,55.6625673466931,30.0756695727329
10.4028683244381,65.3989478229902,23.0690647758126
9.61093516129327,69.2902740214538,17.1286901338879
8.64845180979945,71.2926429040131,13.921653529265
7.05589350167897,87.0822513490883,9.47913192373147
7.57464517294726,93.5008628982166,6.61129539054068
7.49975715471267,84.8353236509776,4.6646589466903
7.5973511179885,96.1109672270009,2.457190821835
7.62574049475954,92.0712947677294,0
8.0722771448368,116.576740827434,1.5393476641122
8.31297961060926,104.944343439307,3.10731317580226
9.57664173481432,115.091195344715,4.80401460872933
10.3976600193343,117.203499818359,6.36424175564512
9.70687746389124,126.308004272977,6.82807655796969
8.34179900443385,117.748252203533,6.75464736499086
9.28580706897106,130.701563566574,6.74640666297804
8.78818198575518,129.328424544699,7.79631837628347
10.413097506054,125.416306297267,5.03365964348818
12.3661934326757,117.688161020622,3.59934599816146
11.4867052168111,120.348077020284,1.93910216753865
13.6075430252881,132.409969330963,0
13.2869751321223,142.018841510201,5.2943458739681
13.2156002305264,145.174153280367,9.52728824949916
12.3147901565937,133.3740774263,15.5385433564529
12.6083856447672,138.728518755987,18.8398476048446
12.5582687633518,128.122234880508,14.489194901489
11.7362908341466,123.596461179543,11.0194546427806
11.3954367691233,131.125814186202,5.90040975036312
10.680088977324,126.675721338353,1.53871402873323
12.2654738562748,119.007320756748,4.62547528268029
12.3025449832725,119.003584289773,6.9826015674456
12.230853405465,111.631312187444,9.22124657466542
12.97779543449,125.934342015935,11.4283111124252
14.8581003496478,102.632096520923,20.4341174599739
12.9572310263415,104.321467705758,32.6305390207978
14.2915042838845,100.390324265807,44.6098236359229
13.7431778128674,95.0949104464196,51.5436234595212
15.3929953131813,88.2178485337999,64.3034919613587
18.5609154735827,79.7051774446142,63.0044897638058
21.0820794451406,82.2449563431602,76.9373915617989
22.5147798257977,67.2603505853664,84.4072881768417
22.0490891129276,59.6475507782774,69.090530564813
21.2632847985304,53.5296480983413,43.0112679424198
21.0005417611801,55.8188585735902,21.1814278736291
21.1168362519395,45.044342346266,1.36487639709642e-08
22.372778819152,40.0375067855228,2.00502690483083
20.3219893876015,30.7401774514814,3.9043898306437
23.6708521896442,25.9577707846832,5.89094228213101
23.5639705257477,24.8228822683898,7.57022593979012
23.7263767664832,16.6435133692125,8.57822765478619
23.4212449679117,10.7409578068313,9.03274280073288
20.5943142865185,8.90938872944477,8.97090801985984
19.0900388914281,6.14187240057579,10.2179624560046
19.9629123431145,2.63147372910906,8.89298559796071
17.9420535217492,0,9.58414605833244
19.9420366637016,0,9.08329762511939
20.5006861333027,0,9.19369785758442
18.1293932248836,0,10.1327958483495
17.5112086095395,0,10.6845075752897
16.5209278048716,0,12.3026323832304
16.3728663279023,0,12.8741164272784
16.2759254158471,0,11.5950134941958
14.4541881818817,0,10.2355045592955
13.0264861991703,0,8.61149954696611
11.8173735558365,0,6.73240053885618
11.4953568121458,0,15.5160196948978
11.8099387386445,0,26.723241368887
11.5157590728726,0,37.8967514692905
12.236014826275,0,42.5191463037477
11.4894031643076,0,35.5242861582177
11.6545349318019,0,22.3284293144683
11.2816129074712,0,11.8295956740517
11.7834746142492,0,0
10.6260213230635,0,0
10.3749219507209,0,0
10.0807539702047,0,0
7.93510929922961,0,0
9.75297660664399,0,0
9.05659734987472,0,0
8.53686861529254,0,0
8.40288609691495,0,0
9.67662999808749,0,0
8.3310248662947,0,0
9.96788787895715,0.159707267155995,0
10.2706942338878,0.302206875166602,0
9.85475143952467,0.437732639993691,2.34264058877836
8.93913176154255,0.690135386042,4.89355143926238
7.87754535836023,7.1001143839119,7.28334035642849
7.26801427834614,14.2357732542027,9.4156429698263
7.77163806721805,19.0561981676268,12.736492453056
9.72842452435513,25.7559428971561,14.5469535275257
9.51884266665089,29.3827478436395,15.2598525129465
11.1751026901723,35.471226168481,15.4317413186059
11.2428795084647,37.6467826991826,21.0950174022787
12.036477440849,41.7436547686258,23.7724458624021
11.3805979288393,47.8584309357651,27.4400366290116
11.0270223423377,55.3517735240204,27.105903055082
9.66800137514262,56.8702711769625,26.5067326759323
9.53209747410376,68.4853057447749,18.034408997526
8.73457842490593,78.0728611140766,14.1520482267627
6.39090327544723,83.0059151000364,8.67172657889616
7.38664951698633,87.8645322416175,6.44536045306005
7.70197249716868,90.4621926354469,4.85712441412277
7.13124161165327,99.9421429577319,2.32649149045413
7.51370551754583,101.952112280912,0
8.22666606105293,109.131604181939,1.52321842417336
8.13623915218398,114.066083671663,3.07008912305685
9.15350188228751,112.836311668314,4.37229301402563
9.94098685934446,124.056122472989,6.05611122441166
9.77016376085691,117.115297884147,7.11825744994418
9.72948705046824,126.759783636338,7.25866600168476
9.89557578548862,123.690266783016,7.16962630402325
9.55337061559958,134.31252231379,7.89284305651195
11.0680525678968,119.930097453848,5.57964506749263
10.711628731435,130.391411947514,3.8343184653411
12.8838175587848,140.023585168932,1.90162135055727
13.2812452730727,131.308640036141,0
12.8925229313924,127.840899975706,5.05093638632209
13.3145371034505,126.388543225841,9.51834116049577
12.6806842639487,127.589010524264,14.6117521099268
13.8258450587198,136.904153179351,19.7323277555082
11.8138682053763,137.254385667014,15.5305435680625
11.3241693915757,132.612491703116,10.1247821801208
11.874671994561,133.760094035914,6.42195650887811
10.7514082900362,128.253444351243,1.63742901254045
12.4020746855768,119.601886560096,4.52618211472183
12.3841125216226,126.796146051549,6.12631554871136
12.1865298428001,112.224884920848,8.35903618577594
12.4602505793353,112.825858409481,11.6667652941122
11.9617482137831,107.378831098687,22.9336105247929
13.1568636477039,105.021736998979,30.8138466297226
13.3151852454806,104.964677519055,47.7998426725432
13.7701355005978,93.9002021821033,54.6632382996266
16.6779142664189,82.4610818162963,66.7784490984169
16.0045806638143,82.9241681795655,68.9231060168246
19.2478372658138,84.0877515960704,80.4903255420577
22.6688256660013,79.579025066908,81.1167594630387
23.1055005950375,59.3827521511816,59.1533400655518
20.7015126220126,60.9976124430181,42.9693333666637
21.1705182358513,53.6229742083417,20.7457377061006
20.6478649517276,49.821758285451,1.47995772783484e-08
23.5037849715342,40.7059863941232,1.7774608737843
24.2726249434351,31.0446199514729,3.56089786463197
22.5197426707834,28.4062911054374,5.86225030086751
23.7443231353186,20.5420637190019,7.71090305542325
22.9203697031376,16.9274589071511,7.56024611809632
19.6617183561074,11.3845545292895,8.12726357675414
20.2073373257222,9.54678267766264,9.26222068818135
22.2992783285092,5.82929463033927,8.84113699164284
18.7809979129631,2.99013673330304,9.20909066006256
18.0799041572002,0,9.26654954467408
17.7069867844169,0,8.93712471785511
19.8664259029093,0,8.85856649257561
20.4662198943165,0,9.86971624840617
18.8801623840844,0,11.3808150688933
17.4855258227342,0,12.9827548761724
16.0164990161151,0,13.9188311657802
14.0534829456203,0,12.5554953826866
13.1699339310573,0,10.9920677840345
13.4169115478313,0,8.03820876638823
12.5425102102807,0,6.80202614808847
11.0543162488453,0,15.8873443871148
12.0350405868116,0,26.4703296538341
11.7456323559986,0,37.3660617667665
11.1288682898361,0,41.0219257955097
11.96432011219,0,34.2780861418379
12.4393813499784,0,24.1904299643027
12.58858547184,0,12.2765122909383
11.9395471323357,0,0
11.1427293927573,0,0
10.812896566205,0,0
9.643363290662,0,0
8.62734633996629,0,0
8.97536868945333,0,0
9.2635659151472,0,0
8.57807960627149,0,0
10.114275282833,0,0
10.9124263288442,0,0
10.0053615067474,0,0
9.90211809701143,0.156995015499049,0
10.1015660069191,0.285731136248728,0
9.6000349674522,0.417256222708942,2.39578981518661
8.31958149047202,0.603920140720455,4.26481484635394
8.66508877639951,7.23510330171015,6.95947596207563
7.29223007326228,13.2416486863208,9.38010939202042
8.59783296193642,18.7547568127364,11.9240858828961
9.25529373879759,26.8367895239154,13.2246157791121
10.6254939611489,30.4658908456573,17.0845804502955
10.8149249829848,32.1238641261001,18.8294844394644
10.6798804636753,40.7932067082153,21.7605509506312
10.474919837964,40.3217358860077,22.4779779027809
11.2639415213425,46.7464000869029,26.9427390986977
11.7759639564336,55.5787458139665,29.206208071921
10.3999383605557,56.4492891835745,26.2007116693209
9.30189686886517,71.7487607634008,20.8604706535713
9.0845642903933,72.6160796000791,14.2172997137535
7.22231383569962,90.926499086697,9.06190750586755
7.45398032888324,81.6320298288926,6.32322880675745
7.06137458063735,93.1171984902074,4.70843480421107
8.01998117959297,95.9159287894266,2.27826328333869
7.43167917875487,101.577223408537,0
7.9202847633815,102.833351555817,1.49270520665882
8.65777765650878,95.5522419623409,2.7919808143299
9.59405478541164,110.98226665767,4.49557712991261
9.90486839105673,104.73282688855,6.39733408244886
8.92187263315799,120.75426956243,5.82081882598509
9.94578865202184,124.268609492767,7.29029389180586
9.65029022578893,115.618562850907,7.03340542893424
9.41488555192684,142.413339530949,7.38876099571641
10.7368103224179,127.560293046838,5.12435516704528
10.5626178495767,127.504450888869,3.76900765449842
11.5437390823766,131.637933576019,1.77572040206116
13.1699742938069,129.505747532289,0
13.859627023175,135.325655580588,5.61135451426476
12.6500906942714,142.021279807294,9.94236701122809
12.2008972078048,126.134602251881,14.5689358608496
11.9438541916166,133.965186582962,19.6521137534621
11.8634412694142,136.041218190683,14.944111101806
11.6025993349857,135.169370443615,10.3834483722262
11.518139397542,124.682261748417,6.02276943807923
10.1042835983012,128.182980921006,1.74187569559303
12.0271385657149,115.512693751916,3.64691819830024
11.9875321521465,122.681444782453,6.17356432820706
12.0140528866201,115.433609637199,8.27726886704618
13.3081455792523,113.465620459797,11.5452805421377
13.3217750987092,95.0355321347182,21.2851924735294
14.1739161911928,99.8722799362461,30.7710763437324
12.6514949273826,99.6888646764638,47.1483061258128
14.1856004609696,94.7858902094764,50.7013621952351
17.6434237906361,89.6360202552798,64.0349845228082
18.6182788258938,80.6067351437809,73.4625008070338
19.350214261257,77.1947499824396,71.6385161168825
22.5983843493051,75.0138575522739,84.5149491249703
23.2328784364044,64.928627663394,63.8653141457999
21.2830573771523,59.1458404736222,43.5660076363724
19.9678908856228,49.0414453846778,21.2299386308021
20.515467970236,42.463556652689,1.55415023089685e-08
21.1792378332604,41.054996854271,2.05674207497737
22.8535447501217,30.5362061203838,4.00034290296096
23.2913626882275,28.5072392933376,6.1062487770785
26.7032184830192,23.5704331812118,8.29069674234195
24.1571353608759,16.5678508317202,7.92655754539102
21.9978758939736,10.7666084749648,7.8437756343612
19.8527948957045,8.33326900202626,8.71124150713636
17.444268346016,5.76596758158013,8.53870151874745
17.646049044416,2.8449674676607,9.08300076847823
19.1281676626619,0,9.54836601701845
19.2993794707154,0,9.70731256522335
20.1755152675322,0,9.61975082041817
20.1802397455983,0,11.3626080918994
17.1205467308105,0,11.3643460702276
18.139340291816,0,12.1822547529731
16.1253072739329,0,14.2190552591437
16.9974182374046,0,11.3448366080571
15.0087464260542,0,10.1275466607432
13.1910265965386,0,8.49534798409291
11.9063347947303,0,6.96953585366232
12.040688099082,0,16.3802903257959
11.9105094651474,0,25.4401462917242
12.3430142044759,0,36.1298298082409
12.361163765614,0,43.7492439804795
12.6507978813625,0,32.4278202759683
11.456354476263,0,22.4407311884061
12.211637800772,0,11.9272021112078
11.5728564598594,0,0
11.3677021789019,0,0
9.76937637865081,0,0
10.009419492066,0,0
8.31662492931596,0,0
9.10088001636133,0,0
9.25055443292345,0,0
8.91949699316286,0,0
8.76214647538504,0,0
10.0380028711106,0,0
9.93280912376378,0,0
9.39910610377605,0.153270157047176,0
9.97425400750601,0.307051698720994,0
8.3441562097723,0.471261108160945,2.41875675652349
8.48427312670632,0.603392531146391,4.65287878799172
7.71355653121398,6.8600421841713,7.05640169882412
8.26409142988401,12.5051870093665,9.06650522072542
8.00447334731789,17.84413870299,11.1406069074899
9.58054581791257,23.9180252933205,13.633601272753
10.3446373982129,31.684814934696,16.5362598556582
10.4730852592684,35.2876106848054,18.7661937506781
10.5883299974977,39.0784056284011,20.5197321417857
10.9276789227913,44.3118678913027,25.2385131563451
11.5843647719651,47.250996157586,25.3705358166287
11.4129491438204,57.7941410829508,29.8988109989609
9.6152248479358,63.0810734399858,22.6700996963466
9.54164696069687,69.3253164378353,19.4133099569633
8.5265412360928,67.558657809098,15.837049946267
6.6880916075744,86.4977606971648,8.63468450851949
6.71186927883792,85.3693586392606,6.75423276455228
7.64003978435578,84.713790109723,4.72024996212378
7.30977143229715,97.5820060383895,2.24080755827986
7.15650551496958,98.3429084432434,0
8.09204124093917,101.318457625481,1.62630298244693
9.28410249588198,103.229199796833,3.06731593761529
9.31701863829738,120.7310575016,5.11881013563885
10.1206459867153,122.132346766557,6.67557880817065
10.0220835264983,126.263002227961,6.11958894173857
9.13692022503769,122.720611980965,6.98956905300965
9.41180076837234,128.497108376587,7.68521761027634
9.91947896897299,125.869399079541,7.62291548238824
10.8249449962016,135.093095662007,5.58706109376814
11.8342129613138,137.152400516751,3.63641055214636
11.4127228928294,136.049046740919,1.75331550294004
12.7712355363188,132.238190640235,0
12.5057404488676,132.190200113365,4.90657998489359
12.8549970971304,114.961145232539,9.34098777605743
11.9892212355805,122.272368363465,13.9270904826623
11.8491158493206,123.213838085789,19.0800368509062
13.1546433906469,133.618580348118,14.3028916386345
11.7911397450473,132.033957910763,10.4391310607538
11.9806426271251,120.959743716212,6.56756931620782
12.2904889363164,112.146736376529,1.67874370921673
11.2078331510494,123.089620888865,4.26307165271233
11.943988594167,122.509455022312,5.75310496892671
13.6543915080495,124.857862282115,8.15057381550348
11.6957447349633,97.6518131721732,11.4588679265907
13.6775688861895,101.661299190216,22.7152483049888
13.4576489175413,112.273017301248,31.2665886301004
14.734661315617,108.93668348041,45.8217823418791
14.0985419501404,97.3868617986334,52.3754690289084
16.7523337097539,87.5717873542987,61.1130306716079
17.8744644083335,89.2955778559484,71.0365239330085
20.88769658872,76.4355845859432,76.1103608936372
22.28908462832,67.0221686957887,78.7415777529342
22.0160863775855,61.3871158815088,67.9530153236533
24.0769181101247,63.9805505722809,46.9289927990802
22.5372216082569,49.9652780584417,21.3707945311287
20.5836071894936,46.8699221278339,1.29969088050327e-08
22.1155643322492,37.2437455607637,2.07355862043727
21.9382290454744,33.418581171283,4.10800756110558
23.1835941244591,27.8035401917401,5.86683948291412
23.6228795160514,22.0526229655225,7.32823574705145
23.6667393672107,16.1827322567458,7.8633506713342
22.4205936099382,11.9784189955359,8.19954035017871
20.6302725108102,8.43972710727584,8.54542569933589
19.2097786118155,5.29497374216709,8.6614389299058
19.2897218006256,2.89805686975349,9.02023543144414
19.4360314417211,0,8.90592178545729
21.2403717309011,0,8.33009366496486
22.3244382091609,0,8.8953294219679
18.0752265784305,0,9.81489406099501
18.4292297264877,0,12.3366550791949
18.9060142058504,0,12.7282231763934
15.4056381802862,0,13.8951448182496
15.9972243395524,0,12.6938511515013
14.5922865888756,0,10.648607083642
13.3499987295409,0,8.61951097036245
12.9434561993055,0,6.8580842529811
11.1778485906646,0,15.8538416650287
11.3668688644448,0,26.6021135685984
11.8567375198855,0,35.3813362649258
11.5011843125921,0,43.2104153418526
11.9705398532253,0,31.1762045931654
10.5289504394553,0,23.9571065742128
10.9994969583532,0,11.6324381072955
10.6261301928422,0,0
11.3425095849389,0,0
10.4944191732832,0,0
9.87743709241912,0,0
8.5321895713469,0,0
8.219467569938,0,0
8.65230725728117,0,0
9.1698806875639,0,0
9.03322508785466,0,0
9.74715298287309,0,0
10.2877727883886,0,0
11.008771230695,0.156542060912736,0
10.8681002267521,0.324358043787081,0
9.71171612108472,0.432858450218912,2.45420480614868
8.237797987338,0.621748058218688,5.0064692596189
9.04813548595053,6.71405038436777,7.38783682135317
7.60982996734293,12.7188899282098,9.89953637005064
9.37969568069774,19.7572581027672,11.4574884646704
10.5962339447991,24.4391225113106,13.4341366769203
9.32645049734623,30.1350334096426,16.8878310367795
11.5308355133903,34.9158295967367,18.5740350220047
11.674745923968,33.6105796008277,22.1457373383167
10.6028348850313,42.2243383593491,25.5653617318742
11.2128836694683,51.8790468067357,27.408796368596
11.5362185633921,56.1083861781036,30.4941609209521
9.75323136056497,63.1749107352883,23.2724074059776
9.53704558568987,75.0384606652005,20.5586424499443
7.66440025926084,76.871653821024,13.679868641551
6.73067205357266,86.0473423517232,8.89243244255374
7.21597030123826,90.0453314928571,7.32604969223141
7.67878289541725,92.8144206492642,4.61758250586695
7.553775928877,91.6737288010431,2.08542858803426
6.96027350000466,95.236579520061,0
7.86792534721892,113.972670658405,1.53605821098322
8.99531788095146,108.333595306264,3.02236488627786
9.49529678204166,111.108915489311,4.73849997952885
9.19524361776731,119.728014737218,6.10021046073554
10.5806085682866,120.602247611399,6.86566614250521
9.29257927272684,120.431860695293,6.91604663648292
9.48461971214251,135.737186679248,7.38029785197793
9.62277098062516,115.480414039666,6.95430218503863
12.2196794924391,126.108359609079,5.64861285886867
11.4232583137805,125.726363844294,3.5572707830715
12.3977702037828,135.531026718053,1.83397747162193
12.7421159810126,146.341031615951,0
13.4581414518735,145.972125168934,4.48340997130562
12.5992346774939,132.08227466083,9.32666534529139
13.3804481069866,129.503439095705,15.4966142076139
12.6521241176949,139.639924349706,19.8959890815549
11.7232371411532,119.906273221872,15.5853478827861
11.2967168418193,127.582318682338,10.7333429877363
12.1729407269273,125.932184588417,5.91232535098038
10.939803518272,123.19980864998,1.73053831381863
12.2858129314453,113.228305428176,4.46483541043537
13.0934124633756,114.447660225478,5.81710322072058
12.56640642315,121.787836082776,8.70737535219937
13.0029600087007,109.742521484779,10.6111358193433
13.7629629914264,105.455510305533,22.2706177415596
13.6079272183952,100.259230020704,32.3236037367137
13.7632356145251,94.475448311917,46.9950774226146
14.8671419136973,95.3568904214308,53.1490155930695
14.5877656082491,87.8549340367676,63.9217780249293
17.2180551063524,83.9329230434426,68.8026943314129
21.1671107303022,80.3227087672762,74.8174987593958
22.8436057687859,79.1912851686026,86.0295620389335
23.9706043247816,59.2620661220956,61.2766590494466
22.1382527931667,55.4537874954765,43.6072923863345
21.2247591508164,59.6344273624754,21.4669409123776
22.1551352395612,51.6082272390972,1.46702920331861e-08
21.1012053474297,38.172945615784,2.0269136773784
22.896715768188,34.0606679382627,4.24718597290209
24.2202730364824,26.4336699292558,5.75626686028329
22.9974070132935,23.829773014915,7.37595157076099
24.6774627984674,17.2556774428519,8.01267915238436
21.8118786110403,11.812203017496,8.10266601247525
20.1547716924661,8.68656048647375,8.93163744121422
19.2953863391185,5.88905665396612,10.1253858832523
20.5283054992952,2.90371484625402,8.7683135027215
20.4050582211737,0,9.45869527463675
20.1595085484282,0,9.34554520409926
19.7451626090693,0,9.55462053634738
17.6948589797141,0,11.1393783558715
18.3544346580844,0,12.2439876221372
16.2467455389173,0,13.3957090496486
17.3770002766312,0,13.3257072054524
15.2952790882228,0,12.4954407136819
14.6575893465986,0,9.57926900653026
13.73885603884,0,7.98492688994573
11.9365624059767,0,7.28781196218327
12.478630180392,0,16.7876284339485
11.8651734758324,0,26.9653016788511
11.071993540434,0,36.0752290052157
10.8015779425094,0,43.4139628061082
11.5171074905589,0,32.4495596525646
10.6358033669869,0,21.9082978248466
11.6481703980553,0,12.2465863896272
11.5306352132698,0,0
11.4753392081432,0,0
10.1030882950161,0,0
9.33251367407308,0,0
8.21831143679984,0,0
9.43275631200835,0,0
9.2360985054338,0,0
8.9482360046584,0,0
8.96124381089704,0,0
9.52112610712143,0,0
10.8885048075162,0,0
9.93339381859534,0.161208156613926,0
10.5852963183862,0.299419685726852,0
9.38984859469841,0.484274646775323,2.36395662698648
9.0218042782604,0.636791694513687,4.54038478246859
8.00072646097121,7.10557868309408,7.04353841423281
7.05049723994161,14.3089921960982,10.2210298373011
8.31325117659842,21.6128193412721,12.1550361182267
8.98672465175651,23.9181690009414,14.875565006643
10.2345102444655,31.1132622875691,17.5587750149968
11.6064916849601,33.0270416252494,19.2186736085639
10.9494575114464,35.9111060868077,22.8541406197359
10.2650517935677,47.8972854659395,24.9598562385856
10.1193473282853,50.5453066561917,24.0850588671016
11.5370560171377,57.1172509079203,28.3150177459959
10.4865127149064,68.8547890156779,25.3146176341453
9.50582218293778,71.9908207561203,19.0439207702738
8.34842672883068,77.7811281435582,14.7950342153671
6.69841378672621,80.5339519919343,9.43307438119145
7.08180288824009,92.5665862578129,6.76260536133198
7.08171597767992,93.3060663904611,4.20942628992902
7.36923204704616,96.1177870350472,2.4805323824851
6.82844990403424,97.0160494062258,0
8.70837472639145,108.15633026022,1.51016516675618
8.3749740121047,118.683122636383,3.27095687423674
8.83787939242229,107.196768821938,4.48841074699104
9.2263696025195,120.283373880237,6.05230315944013
9.73391284886583,119.58783748739,5.85541876857468
9.65638138086849,116.088119711218,6.48862411705678
10.1135814891464,132.438531712058,6.81040254532518
8.81598642511131,127.931230624553,7.29157638515057
11.1347254225636,130.409194734388,5.34379601128233
10.7607174132668,136.270133635742,3.60962094671088
12.2256508352709,131.389310524135,1.72151581508759
12.3774444744063,125.022765046791,0
12.3818022622229,127.392463193189,4.60492302909154
13.530733784432,140.414588092861,8.53893890799546
11.7599166456135,133.127865160817,14.9177207351242
11.9894736427271,137.450339368213,18.4916080160527
13.7425182842329,132.459572033083,14.889800130312
11.9072163933044,142.15397541716,10.6038823145536
10.2577728784428,117.634750703777,5.63681824888381
11.6583603240207,126.912406446266,1.66088333780005
11.2773680901723,113.91940238148,4.10807187115441
11.6001015446979,129.260441550938,6.84254017325905
12.1374104214205,118.814540019422,8.22186783567526
12.5258929815125,107.604066146597,11.3059226461666
14.20817199576,112.556393900791,22.2849838989082
14.3593791392051,105.146428533017,34.7643318356579
14.0265175496652,93.0481505452644,44.6036567977123
15.2797714973231,97.2252499434211,54.0290237709421
16.5389730798485,89.3755211470201,63.9447833114523
17.5807479222679,77.8067521414098,68.0862841738882
21.5512974204757,69.5434839854304,77.9606915847466
21.4765612006203,67.9113703630028,77.7451725832373
21.4227904814418,67.6716894014303,61.3363284896221
21.2756251712626,55.7366268302996,43.1888732624679
21.9811406379582,55.1561128049034,22.2519226888517
19.3940174352017,44.6458970637736,1.46985525437237e-08
19.2757526106515,41.6540963000251,1.94685059473779
22.8229331693996,32.749855155339,3.9575824743172
23.0274206824378,30.0262185522276,6.0726214885996
25.3525526004428,23.8972630571166,7.86013315041756
24.4304531691927,15.1382618256884,8.34475990578097
20.6448834578047,11.6006490992387,8.18069442503136
20.4168677751906,8.83914937365019,8.66493760623337
20.2855392926201,5.46920715636166,8.83393179562464
18.1836716434768,2.87310872294045,9.74086818177458
18.374985667493,0,9.76799976034712
20.3582345723356,0,9.30186338672412
21.0253968125971,0,8.98470910250483
19.0580481335262,0,10.9033410836697
18.5816750568495,0,11.2957904996669
17.2031583693196,0,12.4211815707764
16.5198410861157,0,14.1154428667787
15.2915213286246,0,11.93523865034
12.5493061275847,0,10.2623374425332
13.8400621245641,0,8.74940637617876
12.7418286031525,0,7.23784465278068
12.709276674232,0,17.1795122539331
12.3437938825632,0,25.9889573842339
11.8383930040626,0,38.7368678849856
10.6505943420156,0,42.916198255257
10.3068910714544,0,33.1172529068023
10.9386469665983,0,23.1648656992029
12.3206628643597,0,11.4817860520717
11.7817057040261,0,0
